{
  "total_examples": 3166,
  "correct_predictions": 2760,
  "error_predictions": 0,
  "success_rate": 0.8717624763108023,
  "accuracy": 0.8717624763108023,
  "precision_macro": 0.7719163795262034,
  "precision_weighted": 0.8818386806332283,
  "precision_micro": 0.8717624763108023,
  "recall_macro": 0.8152682066621488,
  "recall_weighted": 0.8717624763108023,
  "recall_micro": 0.8717624763108023,
  "f1_macro": 0.7915312510915175,
  "f1_weighted": 0.8757481214079846,
  "f1_micro": 0.8717624763108023
}