{
  "total_examples": 513,
  "correct_predictions": 409,
  "error_predictions": 0,
  "success_rate": 0.797270955165692,
  "accuracy": 0.797270955165692,
  "precision_macro": 0.773614540680774,
  "precision_weighted": 0.8273285170994702,
  "precision_micro": 0.797270955165692,
  "recall_macro": 0.8099769830028329,
  "recall_weighted": 0.797270955165692,
  "recall_micro": 0.797270955165692,
  "f1_macro": 0.7812079656179259,
  "f1_weighted": 0.8035112532633853,
  "f1_micro": 0.797270955165692
}