{
  "accuracy": 0.8913455464308275,
  "precision_macro": 0.7975222614582309,
  "recall_macro": 0.7821780221447241,
  "f1_macro": 0.7888963050631532,
  "precision_weighted": 0.8877264511686606,
  "recall_weighted": 0.8913455464308275,
  "f1_weighted": 0.8889994588491391
}